{"fileName":1,"body":{"mandalaArr":[{"items":3,"rotate":0,"diameter":8,"svgItem":43,"stroke":"#000000","strokeWidth":0,"strokeOpacity":1,"fill":"#ff00ae","fillOpacity":0.5,"svgRotate":89,"scale":4.7},{"items":32,"rotate":22,"diameter":24,"svgItem":32,"stroke":"#000000","strokeWidth":0,"strokeOpacity":1,"fill":"#ff00bb","fillOpacity":0.32,"svgRotate":90,"scale":0.6},{"items":32,"rotate":5.21,"diameter":24,"svgItem":32,"stroke":"#000000","strokeWidth":0,"strokeOpacity":1,"fill":"#fb00ff","fillOpacity":0.5,"svgRotate":90,"scale":0.6},{"items":3,"rotate":59,"diameter":8,"svgItem":43,"stroke":"#000000","strokeWidth":0,"strokeOpacity":1,"fill":"#ff47a0","fillOpacity":0.5,"svgRotate":90,"scale":4.6},{"items":6,"rotate":0,"diameter":4,"svgItem":18,"stroke":"#000000","strokeWidth":5,"strokeOpacity":1,"fill":"#ffffff","fillOpacity":0,"svgRotate":90,"scale":1.4},{"items":32,"rotate":0,"diameter":17,"svgItem":22,"stroke":"#000000","strokeWidth":0,"strokeOpacity":1,"fill":"#ffffff","fillOpacity":0.38,"svgRotate":90,"scale":2.2},{"items":32,"rotate":0,"diameter":19,"svgItem":29,"stroke":"#000000","strokeWidth":5,"strokeOpacity":0.06,"fill":"#ffffff","fillOpacity":0,"svgRotate":90,"scale":2}],"transform":{"rotateX":0,"rotateY":0,"rotateZ":0,"perspective":3},"userInfo":{"name":"Rafał","origin":"Poland","message":"                                                  "}}}