{"fileName":10,"body":{"mandalaArr":[{"items":6.6,"rotate":201.27,"diameter":2.4,"svgItem":1,"stroke":"#2cff00","strokeWidth":1.29,"strokeOpacity":0.17,"fill":"#ff5900","fillOpacity":0.34,"svgRotate":68.62,"scale":2},{"items":25,"rotate":158,"diameter":16,"svgItem":2,"stroke":"#000000","strokeWidth":0.45,"strokeOpacity":1,"fill":"#ffffff","fillOpacity":0.5,"svgRotate":90,"scale":2}],"transform":{"rotateX":42,"rotateY":45,"rotateZ":105,"perspective":3.775},"userInfo":{"name":"Sidey Myoo","origin":"Universum","message":"Wieloczłowiek dla Jednego Wszechświata"}}}