{"fileName":12,"body":{"mandalaArr":[{"items":6,"rotate":0,"diameter":22.3,"svgItem":1,"stroke":"#ff003a","strokeWidth":2.23,"strokeOpacity":0.2,"fill":"#ffffff","fillOpacity":0.5,"svgRotate":66.13,"scale":2},{"items":17,"rotate":0,"diameter":11,"svgItem":1,"stroke":"#008f51","strokeWidth":0.75,"strokeOpacity":1,"fill":"#fefb00","fillOpacity":0.61,"svgRotate":54,"scale":2},{"items":30.3,"rotate":29,"diameter":4,"svgItem":1,"stroke":"#eaff00","strokeWidth":0.75,"strokeOpacity":0.15,"fill":"#ff0029","fillOpacity":0.08,"svgRotate":90,"scale":2.4},{"items":1,"rotate":0,"diameter":10,"svgItem":1,"stroke":"#000000","strokeWidth":0.75,"strokeOpacity":1,"fill":"#ff2600","fillOpacity":0.5,"svgRotate":90,"scale":2}],"transform":{"rotateX":36,"rotateY":18,"rotateZ":54,"perspective":2.775},"userInfo":{"name":"Beata","origin":"Poland, Kraków","message":"Thank You Lena for this beautiful and important art-project! Here is my mandala with the intention for the world . With  affect, Beata "}}}