{"fileName":13,"body":{"mandalaArr":[{"items":32,"rotate":204,"diameter":25,"svgItem":94,"stroke":"#f8140d","strokeWidth":0,"strokeOpacity":0,"fill":"#fff705","fillOpacity":0.3,"svgRotate":270,"scale":2.8},{"items":6,"rotate":326.46,"diameter":13.3,"svgItem":14,"stroke":"#000000","strokeWidth":0.75,"strokeOpacity":1,"fill":"#4200ff","fillOpacity":0.58,"svgRotate":90,"scale":2.64},{"items":6,"rotate":0,"diameter":9.2,"svgItem":9,"stroke":"#8e00ff","strokeWidth":0.75,"strokeOpacity":0.17,"fill":"#ffffff","fillOpacity":0.5,"svgRotate":90,"scale":2},{"items":6,"rotate":0,"diameter":10,"svgItem":1,"stroke":"#000000","strokeWidth":0.75,"strokeOpacity":1,"fill":"#ffffff","fillOpacity":0.5,"svgRotate":90,"scale":2},{"items":6,"rotate":0,"diameter":10,"svgItem":1,"stroke":"#000000","strokeWidth":0.75,"strokeOpacity":1,"fill":"#ffffff","fillOpacity":0.5,"svgRotate":90,"scale":2},{"items":6,"rotate":0,"diameter":10,"svgItem":108,"stroke":"#15791c","strokeWidth":0.75,"strokeOpacity":0.54,"fill":"#07642b","fillOpacity":0.5,"svgRotate":273,"scale":0.5},{"items":6,"rotate":0,"diameter":10,"svgItem":1,"stroke":"#000000","strokeWidth":0.75,"strokeOpacity":1,"fill":"#ffffff","fillOpacity":0.5,"svgRotate":90,"scale":2},{"items":10,"rotate":46,"diameter":5,"svgItem":106,"stroke":"#c38418","strokeWidth":1.6,"strokeOpacity":1,"fill":"#ffffff","fillOpacity":0.47,"svgRotate":102,"scale":2.3}],"transform":{"rotateX":0,"rotateY":0,"rotateZ":0,"perspective":3},"userInfo":{"name":"Supernova","origin":"Krakow, Mariupol","message":"Homo Affectus - We love it !!!!"}}}