{"fileName":14,"body":{"mandalaArr":[{"items":5,"rotate":136,"diameter":1,"svgItem":11,"stroke":"#bc2424","strokeWidth":0.95,"strokeOpacity":1,"fill":"#5d60ac","fillOpacity":0.5,"svgRotate":81,"scale":10},{"items":13,"rotate":347,"diameter":13,"svgItem":10,"stroke":"#32cdae","strokeWidth":3.95,"strokeOpacity":1,"fill":"#306ee8","fillOpacity":0.5,"svgRotate":13,"scale":10},{"items":30,"rotate":0,"diameter":59,"svgItem":1,"stroke":"#000000","strokeWidth":0.75,"strokeOpacity":1,"fill":"#ffffff","fillOpacity":0.5,"svgRotate":90,"scale":4.2}],"transform":{"rotateX":165,"rotateY":0,"rotateZ":-30,"perspective":3},"userInfo":{"name":"linda","origin":"szczecin","message":"Cross your borders by being empathic - transhuman idea in perspective of homo affectus."}}}