{"fileName":16,"body":{"mandalaArr":[{"items":6,"rotate":0,"diameter":15,"svgItem":2,"stroke":"#d400ff","strokeWidth":0.75,"strokeOpacity":0.77,"fill":"#ff00ba","fillOpacity":0.53,"svgRotate":203.93,"scale":2},{"items":6,"rotate":28,"diameter":9,"svgItem":1,"stroke":"#000000","strokeWidth":0.75,"strokeOpacity":1,"fill":"#ff002d","fillOpacity":0.33,"svgRotate":90,"scale":1.68}],"transform":{"rotateX":0,"rotateY":0,"rotateZ":84,"perspective":1.825},"userInfo":{"name":"Zuza","origin":"Poland","message":"Homo Affectus as an subject connected with his emotions and perception to other human and non-human subjects."}}}