{"fileName":17,"body":{"mandalaArr":[{"items":6,"rotate":0,"diameter":13,"svgItem":1,"stroke":"#ff0052","strokeWidth":1.11,"strokeOpacity":0.13,"fill":"#ff0095","fillOpacity":0.09,"svgRotate":89,"scale":2.48},{"items":6,"rotate":0,"diameter":10,"svgItem":2,"stroke":"#5200ff","strokeWidth":0.75,"strokeOpacity":0.2,"fill":"#055722","fillOpacity":0.5,"svgRotate":90,"scale":2},{"items":6,"rotate":92,"diameter":10,"svgItem":8,"stroke":"#000000","strokeWidth":0.75,"strokeOpacity":0,"fill":"#d51515","fillOpacity":0.5,"svgRotate":213,"scale":2},{"items":6,"rotate":0,"diameter":10,"svgItem":29,"stroke":"#043f03","strokeWidth":0.75,"strokeOpacity":0.35,"fill":"#b9e1a8","fillOpacity":0.5,"svgRotate":90,"scale":2},{"items":6,"rotate":262,"diameter":14.8,"svgItem":56,"stroke":"#000000","strokeWidth":0.75,"strokeOpacity":1,"fill":"#93329a","fillOpacity":0.5,"svgRotate":152,"scale":2.9},{"items":6,"rotate":0,"diameter":10,"svgItem":103,"stroke":"#47757b","strokeWidth":0.75,"strokeOpacity":1,"fill":"#860e0e","fillOpacity":0.5,"svgRotate":52,"scale":6.5},{"items":6,"rotate":0,"diameter":10,"svgItem":112,"stroke":"#000000","strokeWidth":0.75,"strokeOpacity":1,"fill":"#0c39ed","fillOpacity":0.5,"svgRotate":90,"scale":4.9},{"items":6,"rotate":0,"diameter":10,"svgItem":28,"stroke":"#000000","strokeWidth":0.75,"strokeOpacity":1,"fill":"#f9e358","fillOpacity":0.42,"svgRotate":303,"scale":4.8}],"transform":{"rotateX":0,"rotateY":0,"rotateZ":0,"perspective":3},"userInfo":{"name":"podmiotnieliryczny","origin":"poland","message":" crying rivers..."}}}