{"fileName":18,"body":{"mandalaArr":[{"items":6,"rotate":0,"diameter":10,"svgItem":1,"stroke":"#000000","strokeWidth":0.75,"strokeOpacity":1,"fill":"#ffffff","fillOpacity":0.5,"svgRotate":90,"scale":2},{"items":12.8,"rotate":181,"diameter":12.9,"svgItem":1,"stroke":"#5dff00","strokeWidth":3.3,"strokeOpacity":0.09,"fill":"#0086ff","fillOpacity":0.4,"svgRotate":147,"scale":6.2}],"transform":{"rotateX":0,"rotateY":0,"rotateZ":0,"perspective":3},"userInfo":{"name":"Name","origin":"Poland","message":"Homo Affectus - I feel it"}}}