{"fileName":19,"body":{"mandalaArr":[{"items":13,"rotate":55,"diameter":24,"svgItem":15,"stroke":"#000000","strokeWidth":4.25,"strokeOpacity":0.51,"fill":"#ff4015","fillOpacity":0.5,"svgRotate":89,"scale":2},{"items":6,"rotate":92,"diameter":4,"svgItem":34,"stroke":"#669d34","strokeWidth":5,"strokeOpacity":0.73,"fill":"#ffffff","fillOpacity":0.5,"svgRotate":90,"scale":2},{"items":32,"rotate":137,"diameter":17,"svgItem":1,"stroke":"#000000","strokeWidth":1.75,"strokeOpacity":0.75,"fill":"#0061fe","fillOpacity":0.9,"svgRotate":157,"scale":2},{"items":17,"rotate":117,"diameter":10,"svgItem":35,"stroke":"#000000","strokeWidth":0.75,"strokeOpacity":1,"fill":"#ffffff","fillOpacity":0.5,"svgRotate":90,"scale":2}],"transform":{"rotateX":0,"rotateY":0,"rotateZ":0,"perspective":3},"userInfo":{"name":"Lena","origin":"Poland ","message":"Hello Affectus :) "}}}