{"fileName":20,"body":{"mandalaArr":[{"items":12,"rotate":0,"diameter":11,"svgItem":1,"stroke":"#000000","strokeWidth":0.6,"strokeOpacity":0.48,"fill":"#ffffff","fillOpacity":0.5,"svgRotate":89,"scale":2},{"items":7,"rotate":0,"diameter":10,"svgItem":4,"stroke":"#000000","strokeWidth":0.75,"strokeOpacity":1,"fill":"#ffffff","fillOpacity":0.5,"svgRotate":90,"scale":2},{"items":6,"rotate":0,"diameter":22,"svgItem":10,"stroke":"#000000","strokeWidth":0.75,"strokeOpacity":1,"fill":"#ffffff","fillOpacity":0.5,"svgRotate":90,"scale":2},{"items":6,"rotate":127,"diameter":31,"svgItem":13,"stroke":"#000000","strokeWidth":0.4,"strokeOpacity":0.58,"fill":"#ffffff","fillOpacity":0.5,"svgRotate":90,"scale":2},{"items":11,"rotate":0,"diameter":45,"svgItem":25,"stroke":"#000000","strokeWidth":0.75,"strokeOpacity":1,"fill":"#ffffff","fillOpacity":0.5,"svgRotate":90,"scale":2}],"transform":{"rotateX":0,"rotateY":15,"rotateZ":69,"perspective":1.9},"userInfo":{"name":"Michał ","origin":"Poland","message":"Build a beautiful home inside you and share it with people to help them on their journey. Spread kindness and celebrate other people's happiness, talents and essence even if they don't like you. Break through the shell of human masks and see it’s beauty. "}}}