{"fileName":21,"body":{"mandalaArr":[{"items":5.9,"rotate":345.16,"diameter":8,"svgItem":1,"stroke":"#e660ae","strokeWidth":0,"strokeOpacity":1,"fill":"#dc96fd","fillOpacity":0.5,"svgRotate":89,"scale":2},{"items":6,"rotate":5.83,"diameter":8,"svgItem":5,"stroke":"#00ff6e","strokeWidth":0.75,"strokeOpacity":0.49,"fill":"#00ff88","fillOpacity":0.5,"svgRotate":90,"scale":2},{"items":6,"rotate":0,"diameter":10,"svgItem":1,"stroke":"#2b00ff","strokeWidth":0.45,"strokeOpacity":1,"fill":"#0400ff","fillOpacity":0.5,"svgRotate":90,"scale":2},{"items":6,"rotate":74,"diameter":5,"svgItem":4,"stroke":"#00fffb","strokeWidth":0.75,"strokeOpacity":1,"fill":"#00ffee","fillOpacity":0.5,"svgRotate":90,"scale":2},{"items":9,"rotate":0,"diameter":12.5,"svgItem":2,"stroke":"#d400ff","strokeWidth":0.75,"strokeOpacity":0.77,"fill":"#ff00ba","fillOpacity":0.53,"svgRotate":203.93,"scale":2.08}],"transform":{"rotateX":30,"rotateY":150,"rotateZ":0,"perspective":2.2},"userInfo":{"name":"Alan","origin":"Poland","message":"Short sentence ;)"}}}