{"fileName":22,"body":{"mandalaArr":[{"items":8,"rotate":73,"diameter":0,"svgItem":1,"stroke":"#ff0000","strokeWidth":5,"strokeOpacity":0.57,"fill":"#ff0000","fillOpacity":0.5,"svgRotate":0,"scale":0.7},{"items":11,"rotate":0,"diameter":5,"svgItem":16,"stroke":"#093fe1","strokeWidth":5,"strokeOpacity":1,"fill":"#69a6e8","fillOpacity":0,"svgRotate":133,"scale":1.3},{"items":13,"rotate":0,"diameter":10,"svgItem":18,"stroke":"#dd3636","strokeWidth":4.25,"strokeOpacity":0.77,"fill":"#db0f4c","fillOpacity":0.24,"svgRotate":85,"scale":2.2},{"items":27,"rotate":0,"diameter":13,"svgItem":29,"stroke":"#29c792","strokeWidth":4.2,"strokeOpacity":1,"fill":"#010902","fillOpacity":0.55,"svgRotate":216,"scale":0.9},{"items":9,"rotate":0,"diameter":13,"svgItem":35,"stroke":"#651a1a","strokeWidth":0.75,"strokeOpacity":1,"fill":"#009b9e","fillOpacity":0.16,"svgRotate":90,"scale":2.4},{"items":15,"rotate":29,"diameter":13,"svgItem":71,"stroke":"#000000","strokeWidth":1.8,"strokeOpacity":1,"fill":"#e7c8bc","fillOpacity":0.5,"svgRotate":90,"scale":2.2},{"items":22,"rotate":0,"diameter":18,"svgItem":108,"stroke":"#0d1d0c","strokeWidth":2,"strokeOpacity":1,"fill":"#0c040a","fillOpacity":0.5,"svgRotate":90,"scale":1.5},{"items":32,"rotate":0,"diameter":21,"svgItem":112,"stroke":"#000000","strokeWidth":0.75,"strokeOpacity":1,"fill":"#489369","fillOpacity":0.16,"svgRotate":90,"scale":2}],"transform":{"rotateX":0,"rotateY":0,"rotateZ":0,"perspective":3},"userInfo":{"name":"Danish","origin":"Germany","message":"Meditation for world"}}}