{"fileName":23,"body":{"mandalaArr":[{"items":32,"rotate":300.24,"diameter":9,"svgItem":26,"stroke":"#c000ff","strokeWidth":0,"strokeOpacity":0.28,"fill":"#ff3c00","fillOpacity":0.28,"svgRotate":89,"scale":2},{"items":15,"rotate":83,"diameter":10,"svgItem":82,"stroke":"#f9d546","strokeWidth":0,"strokeOpacity":0.62,"fill":"#e6ce28","fillOpacity":0.3,"svgRotate":118,"scale":4.9},{"items":13,"rotate":0,"diameter":1,"svgItem":55,"stroke":"#000000","strokeWidth":3.15,"strokeOpacity":1,"fill":"#604122","fillOpacity":0.5,"svgRotate":90,"scale":2},{"items":8,"rotate":20.46,"diameter":23,"svgItem":66,"stroke":"#ffc100","strokeWidth":0.63,"strokeOpacity":0.11,"fill":"#4bb453","fillOpacity":0.4,"svgRotate":90,"scale":3.04}],"transform":{"rotateX":0,"rotateY":0,"rotateZ":0,"perspective":3},"userInfo":{"name":"Nina Lan","origin":"Poland","message":"Nature help Humans Evolve "}}}