{"fileName":3,"body":{"mandalaArr":[{"items":3,"rotate":45,"diameter":21,"svgItem":35,"stroke":"#ff00bb","strokeWidth":0.15,"strokeOpacity":0.7,"fill":"#d400ff","fillOpacity":0.02,"svgRotate":101,"scale":7.5},{"items":3,"rotate":44,"diameter":33,"svgItem":35,"stroke":"#72ff14","strokeWidth":0.15,"strokeOpacity":1,"fill":"#00ff04","fillOpacity":0.04,"svgRotate":169,"scale":10}],"transform":{"rotateX":9,"rotateY":171,"rotateZ":15,"perspective":5},"userInfo":{"name":"Rafał","origin":"Poland","message":"                      "}}}