{"fileName":4,"body":{"mandalaArr":[{"items":4,"rotate":1,"diameter":7,"svgItem":50,"stroke":"#ff00bb","strokeWidth":0.75,"strokeOpacity":1,"fill":"#f5c2ff","fillOpacity":0.63,"svgRotate":90,"scale":10},{"items":4,"rotate":44,"diameter":7,"svgItem":50,"stroke":"#72ff14","strokeWidth":0.75,"strokeOpacity":1,"fill":"#00ff04","fillOpacity":0.28,"svgRotate":90,"scale":10}],"transform":{"rotateX":9,"rotateY":171,"rotateZ":15,"perspective":5},"userInfo":{"name":"Rafał","origin":"Poland","message":"                                           "}}}