{"fileName":5,"body":{"mandalaArr":[{"items":32,"rotate":0,"diameter":25,"svgItem":1,"stroke":"#000000","strokeWidth":2.4,"strokeOpacity":1,"fill":"#ffffff","fillOpacity":0.5,"svgRotate":89,"scale":1.2},{"items":32,"rotate":5.87,"diameter":21.1,"svgItem":1,"stroke":"#000000","strokeWidth":2.6,"strokeOpacity":1,"fill":"#ffffff","fillOpacity":0.5,"svgRotate":90,"scale":1},{"items":32,"rotate":0.29,"diameter":17.7,"svgItem":1,"stroke":"#000000","strokeWidth":2.45,"strokeOpacity":1,"fill":"#ffffff","fillOpacity":0.5,"svgRotate":90,"scale":0.88},{"items":32,"rotate":5.45,"diameter":14.9,"svgItem":1,"stroke":"#000000","strokeWidth":2.15,"strokeOpacity":1,"fill":"#ffffff","fillOpacity":0.5,"svgRotate":90,"scale":0.7},{"items":32,"rotate":0,"diameter":12.6,"svgItem":1,"stroke":"#000000","strokeWidth":2.35,"strokeOpacity":1,"fill":"#ffffff","fillOpacity":0.5,"svgRotate":90,"scale":0.6},{"items":32,"rotate":354.56,"diameter":10.65,"svgItem":1,"stroke":"#000000","strokeWidth":2.7,"strokeOpacity":1,"fill":"#ffffff","fillOpacity":0.5,"svgRotate":90,"scale":0.5},{"items":32,"rotate":0,"diameter":4.3,"svgItem":1,"stroke":"#000000","strokeWidth":0.25,"strokeOpacity":1,"fill":"#ffffff","fillOpacity":0,"svgRotate":90,"scale":2.7}],"transform":{"rotateX":0,"rotateY":0,"rotateZ":0,"perspective":3},"userInfo":{"name":"Rafał","origin":"Poland","message":"                                                                           "}}}