{"fileName":6,"body":{"mandalaArr":[{"items":16,"rotate":0,"diameter":10,"svgItem":75,"stroke":"#000000","strokeWidth":0,"strokeOpacity":1,"fill":"#ff0078","fillOpacity":0.35,"svgRotate":90,"scale":1.4},{"items":32,"rotate":16.62,"diameter":22,"svgItem":73,"stroke":"#000000","strokeWidth":0,"strokeOpacity":1,"fill":"#f6bdff","fillOpacity":0.71,"svgRotate":90,"scale":1},{"items":32,"rotate":0,"diameter":22,"svgItem":73,"stroke":"#000000","strokeWidth":0,"strokeOpacity":1,"fill":"#ffffff","fillOpacity":0.5,"svgRotate":90,"scale":1},{"items":1,"rotate":0,"diameter":0,"svgItem":69,"stroke":"#000000","strokeWidth":0,"strokeOpacity":1,"fill":"#ffffff","fillOpacity":1,"svgRotate":90,"scale":2},{"items":1,"rotate":0,"diameter":0,"svgItem":69,"stroke":"#000000","strokeWidth":0,"strokeOpacity":1,"fill":"#ffffff","fillOpacity":0.42,"svgRotate":90,"scale":10},{"items":32,"rotate":0,"diameter":25,"svgItem":39,"stroke":"#000000","strokeWidth":0,"strokeOpacity":1,"fill":"#ff00ea","fillOpacity":0.44,"svgRotate":90,"scale":1.2},{"items":32,"rotate":0,"diameter":24.55,"svgItem":39,"stroke":"#000000","strokeWidth":0,"strokeOpacity":1,"fill":"#ffffff","fillOpacity":0.91,"svgRotate":270,"scale":1.2},{"items":32,"rotate":0,"diameter":27.7,"svgItem":19,"stroke":"#000000","strokeWidth":0,"strokeOpacity":1,"fill":"#ffffff","fillOpacity":0.5,"svgRotate":90,"scale":1.4},{"items":32,"rotate":5.73,"diameter":6.35,"svgItem":19,"stroke":"#000000","strokeWidth":0,"strokeOpacity":1,"fill":"#ff0087","fillOpacity":0.81,"svgRotate":90,"scale":1.3},{"items":1,"rotate":21.5,"diameter":0,"svgItem":69,"stroke":"#000000","strokeWidth":0,"strokeOpacity":1,"fill":"#ff0073","fillOpacity":0.6,"svgRotate":90,"scale":2},{"items":1,"rotate":0,"diameter":0,"svgItem":69,"stroke":"#000000","strokeWidth":0,"strokeOpacity":1,"fill":"#f78aff","fillOpacity":0.51,"svgRotate":112,"scale":10},{"items":32,"rotate":222,"diameter":18,"svgItem":29,"stroke":"#000000","strokeWidth":0,"strokeOpacity":1,"fill":"#ff0088","fillOpacity":0.26,"svgRotate":160,"scale":10},{"items":1,"rotate":0,"diameter":0,"svgItem":1,"stroke":"#ffffff","strokeWidth":5,"strokeOpacity":1,"fill":"#ffffff","fillOpacity":1,"svgRotate":90,"scale":9.6}],"transform":{"rotateX":0,"rotateY":0,"rotateZ":0,"perspective":3},"userInfo":{"name":"Olaf","origin":"Bergen","message":"                                                      "}}}