{"fileName":8,"body":{"mandalaArr":[{"items":32,"rotate":0,"diameter":25,"svgItem":1,"stroke":"#000000","strokeWidth":0,"strokeOpacity":1,"fill":"#ff0000","fillOpacity":1,"svgRotate":89,"scale":1.2},{"items":32,"rotate":5.87,"diameter":21.1,"svgItem":1,"stroke":"#000000","strokeWidth":0,"strokeOpacity":1,"fill":"#ff0000","fillOpacity":1,"svgRotate":90,"scale":1},{"items":32,"rotate":0.29,"diameter":17.7,"svgItem":1,"stroke":"#000000","strokeWidth":0,"strokeOpacity":1,"fill":"#ff0000","fillOpacity":1,"svgRotate":90,"scale":0.88},{"items":32,"rotate":5.45,"diameter":14.9,"svgItem":1,"stroke":"#000000","strokeWidth":0,"strokeOpacity":1,"fill":"#ff0000","fillOpacity":1,"svgRotate":90,"scale":0.7},{"items":32,"rotate":0,"diameter":12.6,"svgItem":1,"stroke":"#000000","strokeWidth":0,"strokeOpacity":1,"fill":"#ff0000","fillOpacity":1,"svgRotate":90,"scale":0.6},{"items":32,"rotate":354.56,"diameter":10.65,"svgItem":1,"stroke":"#000000","strokeWidth":0,"strokeOpacity":1,"fill":"#ff0000","fillOpacity":1,"svgRotate":90,"scale":0.5},{"items":32,"rotate":0.23,"diameter":18.5,"svgItem":1,"stroke":"#000000","strokeWidth":0,"strokeOpacity":1,"fill":"#ffffff","fillOpacity":1,"svgRotate":90,"scale":4.24},{"items":11,"rotate":0,"diameter":4,"svgItem":1,"stroke":"#000000","strokeWidth":0,"strokeOpacity":0,"fill":"#ff0000","fillOpacity":1,"svgRotate":90,"scale":2.8},{"items":32,"rotate":21,"diameter":18.35,"svgItem":55,"stroke":"#ff1f1f","strokeWidth":0,"strokeOpacity":0,"fill":"#ff0000","fillOpacity":1,"svgRotate":88,"scale":4.5}],"transform":{"rotateX":0,"rotateY":0,"rotateZ":0,"perspective":3},"userInfo":{"name":"Olaf","origin":"Bergen","message":"Red mandala        "}}}